VSCode Tutorial For Beginners - Getting Started With VSCode,2021-02-13,3550,353,3,68,ORrELERGIHs,1377.0
OpenCV Python Tutorial #2 - Image Fundamentals and Manipulation,2021-02-11,8163,530,3,55,wlYPhdTbRmk,943.0
OpenCV Python Tutorial #1 - Introduction & Images,2021-02-09,18991,1471,8,281,qCR2Weh64h4,892.0
The Programming Project That Got Me a Job!,2021-02-04,110294,3817,68,352,7N3fQBuve3Y,1101.0
"Python Website Full Tutorial - Flask, Authentication, Databases & More",2021-02-01,60130,2935,22,219,dam0GPOAvVI,8200.0
15 Programming Project Ideas - From Beginner to Advanced,2021-01-29,60342,3845,46,256,HvjYxuU6LHk,1012.0
Linux for Programmers #10 - Grep Command & Regular Expressions,2021-01-28,3923,207,5,17,dp-D9HNuVcM,858.0
"Linux For Programmers #9 - Linux Text Editors (Nano, Vim & Emacs)",2021-01-26,4289,189,8,33,fDaPYJwuS6M,886.0
Linux for Programmers #8 - Environment Variables On Linux,2021-01-24,4620,207,4,41,paQQ5HCpaRc,811.0
Do You Need a Computer Science or SWE Degree - The Truth,2021-01-23,14561,967,23,214,ml9-HpyMnaU,829.0
Linux for Programmers #7 - Public/Private Key Authentication (RSA) & FTP,2021-01-22,3733,164,4,31,XPZSkEagn68,1409.0
Linux for Programmers #6 - Basic Linux Networking Commands,2021-01-21,5584,263,8,31,e_aZAIv76fg,924.0
"Linux for Programmers #5 - Processes, htop & top",2021-01-18,5054,219,8,34,sDpyK4OnbBc,762.0
Linux For Programmers #4 - File Permissions and chmod,2021-01-16,5734,281,4,36,GsWoaxJJPbs,835.0
5 Ways To Write Code Faster,2021-01-15,21058,1370,15,113,QkP9vyVGbbk,565.0
Linux For Programmers #3 - Users and Groups,2021-01-14,6363,303,6,27,gQTrYcH0b7g,1249.0
Linux for Programmers #2 - FileSystem & Common Linux Commands,2021-01-12,10980,532,10,68,5rhX7PepzaU,1603.0
Linux for Programmers #1 - Create and SSH Into a Linux Machine,2021-01-10,26233,1296,28,168,ebHX9c75H8I,769.0
First Impressions of the ASUS ROG Zephyrus Duo 15 (Dual-Screen Laptop),2021-01-09,13984,624,33,136,OZ1-BvmHHjE,552.0
Pygame in 90 Minutes - For Beginners,2021-01-08,47606,2075,14,273,jO6qQDNa2UY,5722.0
"Django & React Tutorial #17 - Functional Components (useState, useEffect)",2021-01-06,7755,294,3,84,qXFGBUcZ5LU,1560.0
Why You Shouldn't Use the Global Keyword in Python,2021-01-05,18268,1114,28,170,UEuXQjPUwcw,1079.0
Django & React Tutorial #16 - Skipping Songs and Handling Votes,2021-01-04,6471,227,1,37,Lsq9oRZ2WiU,2019.0
Django & React Tutorial #15 - Pausing & Playing Music With Spotify API,2021-01-02,7706,283,2,48,WvbU4B5hBFE,837.0
How I Made My First $500 From Freelance Coding - Using Fiverr,2020-12-29,200007,6949,132,406,yrqyol4B1RU,709.0
Django & React Tutorial #14 - Using the Spotify API,2020-12-27,10782,322,3,103,R-22NeS-P2c,2862.0
Django & React Tutorial #13 - Spotify API Tutorial (Authentication & Tokens),2020-12-25,10497,410,7,52,rYDDWVuv-kI,3477.0
I Got an Offer From Shopify! - My Developer Interview Experience,2020-12-23,31818,1486,34,153,9aHMQ3Zcorc,720.0
How To Print Colored Text in Python (Colorama Tutorial),2020-12-21,20759,1172,6,113,u51Zjlnui4Y,524.0
Java Tutorial - For Beginners,2020-12-19,26488,1293,19,239,Yv_4RXyLjL8,14172.0
Django & React Tutorial #12 - React Default Props and Callbacks,2020-12-15,8325,278,2,43,YDgZd9i3le4,1763.0
Software Engineer vs YouTuber - Who Makes More?,2020-12-13,25285,1164,33,152,xqyhOFlA8pw,1235.0
Django & React Tutorial #11 - Updating Django Models,2020-12-10,7771,259,2,44,JOpmlhAZsPI,1838.0
500k Q & A - How Did I Deal With Imposter Syndrome?,2020-12-08,14183,1068,21,208,HMdZmxb8WIk,1339.0
Django & React Tutorial #10 - Django Sessions and Leaving Rooms,2020-12-05,9017,322,2,51,uhyHwY94vwQ,1357.0
Django & React Tutorial #9 - ComponentDidMount and Django Sessions,2020-12-03,7799,316,2,64,ZP8ZMlKjT4o,1316.0
Django & React Tutorial #8 - Creating The Room Join Page,2020-12-01,10275,377,5,81,2i6FeATm9ZY,2083.0
How Many Programming Languages Do You Need To Know?,2020-11-27,32233,1830,41,237,qpyUSAur8g0,850.0
Django & React Tutorial #7 - Calling API Endpoints From React,2020-11-25,12661,399,4,98,H9rHrlNTpq8,1193.0
Django & React Tutorial #6 - Material UI Components,2020-11-22,16421,533,9,151,bQXhG1eZGLM,1698.0
Code Jam Project Showcase #2 - Some Impressive Coding Projects!,2020-11-20,23602,961,26,159,mAy-J5TrdPU,1448.0
Django & React Tutorial #5 - Handling POST Requests (Django REST),2020-11-18,18216,572,9,105,k6ELzQgPHMM,1050.0
I Got A Job at AlgoExpert!,2020-11-16,65261,3809,96,518,JacxrQVfLGw,736.0
5 Tools/Technologies Every Software Engineer Needs to Know,2020-11-15,51353,2703,70,196,llek2ZmcVpE,671.0
Django & React Tutorial #4 - React Router and Building Components,2020-11-13,24607,876,7,193,YEmjBEDyVSY,1539.0
Django & React Tutorial #3 - React Integration Using Webpack & Babel,2020-11-11,36892,1100,31,301,6c2NqDyxppU,1637.0
Django & React Tutorial #2 - Django REST Framework,2020-11-09,46768,1772,21,250,uhSmgR1hEwg,1173.0
Django & React Tutorial #1 - Full Stack Web App With Python & JavaScript,2020-11-07,129565,5019,34,453,JD-age0BPVo,1156.0
Python Slack Bot Tutorial #7 - Scheduling Messages,2020-11-03,6943,182,3,25,5gxSHuscNS8,1345.0
Python Slack Bot Tutorial #6 - Replying to Messages (Using Threads),2020-11-01,5095,153,6,40,Hnlr9H0kCHE,994.0
Python Slack Bot Tutorial #5 - Reaction Handling,2020-10-30,4769,141,3,43,uhOxwIZwV1g,621.0
Python Slack Bot Tutorial #4 - Markdown Messages & Emojis,2020-10-28,5881,183,3,32,O0WwgAnFSCc,1035.0
My Programming Desk Setup (As a Computer Science Student),2020-10-26,145556,4541,135,427,yHT0TOOMD5s,948.0
Python Slack Bot Tutorial #3 - Slash Commands,2020-10-24,8963,261,4,42,sEFx0b9y_Xo,767.0
Python Slack Bot Tutorial #2 - Handling Events (Events API),2020-10-21,10720,338,2,60,6gHvqXrfjuo,1240.0
Python Slack Bot Tutorial #1 - Setup & Sending Messages,2020-10-19,29801,894,7,163,KJ5bFv-IRFM,881.0
An Introduction to JavaScript - Course for Beginners,2020-10-16,27493,1285,20,186,aPvHcc0ysm0,10687.0
How To Learn a New Programming Language - FAST,2020-10-13,42615,1790,44,221,LIYGIM7Qd9M,719.0
Reacting to My Google Coding Interview,2020-10-10,95716,2647,61,261,kbwk1Tw3OhE,4125.0
The Most Popular Programming Languages & Their Uses (2020),2020-10-07,70123,2195,41,472,rd6SgAIvGjw,646.0
Python As Fast as Possible - Learn Python in ~75 Minutes,2020-10-04,214613,8986,77,483,VchuKL44s6E,4781.0
Exciting Advancements in Conversational AI (NVIDIA NeMo),2020-10-02,16105,801,16,294,rzcZLZTwmf8,945.0
The Reality of Software Engineering (ft. Clément),2020-09-30,34594,1580,32,163,Ye5JbYV1q-0,904.0
Python Checkers AI Tutorial Part 2 - Implementation & Visualization (Minimax),2020-09-28,12926,424,6,69,mYbrH1Cl3nw,2719.0
Python Checkers AI Tutorial Part 1 - The Minimax Algorithm Explained,2020-09-26,20485,658,9,60,RjdrFHEgV2o,864.0
Showcasing Your Programming Projects - Code Jam Winners and Top Projects,2020-09-24,28346,1256,18,207,Nl5KqXasBx4,1404.0
Python Database Project #1 - Remote MongoDB Setup & Integration,2020-09-22,19539,798,8,133,bASNF0uqivM,2732.0
How to Do Well in School & Find the Perfect Balance,2020-09-17,15498,1223,34,290,lv4rmBDlSE8,1218.0
Building a Home File Server - Livestream,2020-09-16,27781,1275,25,71,rZurceHOIJQ,8503.0
5 Reasons Why You Should Learn to Code!,2020-09-15,14646,889,8,135,yZxQdTK8UGE,896.0
Python/Pygame Checkers Tutorial (Part 3) - Jumping and King Movement,2020-09-12,14661,525,5,98,_kOXGzkbnps,3526.0
Python/Pygame Checkers Tutorial (Part 2) - Pieces and Movement,2020-09-09,14742,441,7,97,LSYj8GZMjWY,1625.0
Python/Pygame Checkers Tutorial (Part 1) - Drawing the Board,2020-09-05,43362,1439,13,260,vnd3RfeG3NM,2006.0
What to Look for in an AFFORDABLE Laptop for Programming,2020-09-02,56561,2301,74,395,F5kPAZZ-CNE,945.0
My YouTube Analytics - How Much Does YouTube Pay?,2020-08-26,47038,2622,78,586,eLOj3BHrZZs,900.0
Mastering Python - Everything You Need To Know To Become a Python Master,2020-08-24,329581,19819,174,729,p15xzjzR9j0,962.0
Flutter Tutorial For Beginners #11 - Flutter Database with Firebase (Part 2),2020-08-21,10639,309,3,85,MvhAOfKT58A,1028.0
Flutter Tutorial for Beginners #10 - Flutter Database with Firebase (Part 1),2020-08-19,13863,322,6,36,qWjnxjB-sTA,1467.0
12 Weeks as a Microsoft Intern - My Software Engineer Experience,2020-08-17,67422,3110,44,319,VuMJ0fDj4mM,899.0
Flutter Tutorial For Beginners #9 - Adding Google Authentication with Firebase,2020-08-15,11347,315,6,68,a78Qc8rpO7c,1714.0
Flutter Tutorial For Beginners #8 - Flutter with Firebase Setup,2020-08-13,10287,388,7,81,LeTgMYlGVrM,1120.0
A Timeline of Everything I've Learned Programming (My Coding Journey),2020-08-07,88732,4309,76,420,eCcY_SDEId8,991.0
Flutter Tutorial For Beginners #7 - Page Navigation,2020-08-05,9223,284,6,65,35BFOsQ_tZw,1431.0
Flutter Tutorial For Beginners #6 - ListView (Part 2),2020-08-03,8493,265,4,32,VHK8VrTFk4c,916.0
Flutter Tutorial For Beginners #5 - ListView (Part 1),2020-08-01,11045,255,7,40,KDCoqqQN_vM,917.0
Python in Visual Studio Code - VSCode Features You Need to Know,2020-07-30,65941,2458,40,181,HUtHp3duGbI,551.0
Flutter Tutorial For Beginners #4 - Button Presses and Callbacks,2020-07-28,13576,439,5,58,mXREh3S8Yw0,1132.0
Flutter Tutorial For Beginners #3 - Stateful Widgets and Text Input,2020-07-26,16602,551,8,84,jNDsTI-poYo,1162.0
Flutter Tutorial For Beginners #2 - Your First Flutter Application,2020-07-23,31051,1028,16,143,aqtCU7Nk9h4,1032.0
Flutter Tutorial For Beginners #1 - Setup For Flutter Mobile App Development,2020-07-20,83635,2517,33,489,ly0hAtV7EBg,1539.0
A* Pathfinding Visualization Tutorial - Python A* Path Finding Tutorial,2020-07-16,108983,3913,48,366,JtiK0DOeI4A,5582.0
Software Design Tutorial #2 - Implementing Our Design,2020-07-13,32838,1434,11,172,6thjSbJcoUc,2312.0
Python REST API Tutorial - Building a Flask REST API,2020-07-10,155123,4393,43,264,GMppyAPbLYk,4441.0
How to Make Money Coding - 5 Ways Developers Make Money WITHOUT a Job,2020-07-08,661435,28213,574,1231,eqrKxDbzhbg,871.0
How to Use a Debugger - Debugger Tutorial,2020-07-06,37301,1546,17,155,7qZBwhSlfOo,1021.0
Python Projects Ideas - 11 Awesome Games You Can Make With Python,2020-07-01,79580,2478,53,163,dXY7Tol4sRI,646.0
Software Design Tutorial #1 - Software Engineering & Software Architecture,2020-06-29,86282,3110,25,220,FLtqAi7WNBY,2443.0
"Python Hangman Tutorial #3 - Main Menu, Rendering Text & Finishing Touches",2020-06-25,17029,601,8,70,d038LZp_Jhk,1671.0
Python Hangman Tutorial #2 - Pygame Mouse Events & Collision,2020-06-23,18780,689,12,88,W6cjx7t39d4,1895.0
Exploring a REAL Microsoft Code Base - Industry Code Walkthrough,2020-06-22,22799,749,16,94,L9nCPdIXneI,1898.0
Python Hangman Tutorial #1 - Learn to Make Games with Pygame,2020-06-21,57911,1885,22,154,UEO1B_llDnc,2242.0
Git Tutorial for Beginners - Git & GitHub Fundamentals In Depth,2020-06-18,97350,3840,32,223,DVRQoVRzMIY,2586.0
My OVERKILL $4000 Developer PC Build - Ryzen 9 3900X,2020-06-16,37341,1901,52,328,GaLOniEq7Ys,717.0
My First Python Project / Pygame - Looking Back On Old & BAD Code...,2020-06-14,72731,1775,32,208,lmiM8Oaw09w,1154.0
What I Do at Microsoft - Software Engineer Intern Projects,2020-06-11,180459,5819,101,358,1NKGJI_r1e8,593.0
2 Years of my Computer Science Degree - Was it Worth it?,2020-06-09,35336,1280,33,195,ie36e_mk_sQ,980.0
Python Beginner Project Tutorial #3 - Applying your Skills,2020-06-07,38190,1274,12,108,LEXFAgBBfE0,1280.0
Golang Tutorial #22 - Interfaces,2020-06-06,16789,423,15,31,lh_Uv2imp14,739.0
Python Beginner Project Tutorial #2 - Mastering the Basics,2020-06-05,38203,1281,16,78,lUWkxFEfe2g,1476.0
Golang Tutorial #21 - Struct Methods,2020-06-04,8776,310,0,26,5b8MMXgBnp0,821.0
Golang Tutorial #20 - Structs and Custom Types,2020-06-04,8307,256,2,16,dm9oXt6_YNA,1129.0
Python Beginner Project Tutorial #1 - Your First Python Project,2020-06-03,121835,3645,73,184,7R-CfL21zIY,1505.0
Golang Tutorial #19 - Pointers & Derefrence Operator (& and *),2020-06-02,10933,368,5,30,a4HcEsJ1hIE,1235.0
Golang Tutorial #18 - Mutable & Immutable Data Types,2020-06-02,6283,198,6,20,vtYTl4pNDSI,1065.0
The Resume That Got Me Into Microsoft - Intern Software Engineer Resume Tips,2020-06-01,269385,8820,180,523,8Stfdfcdt0E,930.0
Golang Tutorial #17 - Advanced Function Concepts & Function Closures,2020-05-31,10390,305,8,22,vdm04bVzkLg,873.0
Golang Tutorial #16 - Functions,2020-05-31,6253,235,1,19,CrgD_otSzDI,869.0
What is TypeScript and Should You Learn it?,2020-05-30,42000,1621,23,127,i43W0XSiuIE,399.0
Golang Tutorial #15 - Maps,2020-05-29,7461,239,0,24,yJE2RC37BF4,597.0
Golang Tutorial #14 - Range & Slice/Array Examples,2020-05-29,7224,199,5,26,DYqpu3jF2_4,944.0
Golang Tutorial #13 - Slices,2020-05-28,8284,267,4,16,KzKNGGoaT5U,932.0
Golang Tutorial #12 - Arrays,2020-05-28,7345,242,2,17,e-oBn806Pzc,810.0
Golang Tutorial #11 - Switch Statement,2020-05-27,5976,199,0,17,siOPdXdQImg,336.0
Golang Tutorial #10 - For Loops & While Loops,2020-05-27,7348,245,0,38,jZ-llP_yKNo,759.0
Should You STOP Using an IDE?!,2020-05-26,32907,1557,122,430,oij82Cp9K1A,440.0
"Golang Tutorial #9 - If, Else If, Else",2020-05-25,7742,249,4,15,QgBYnz6I7p4,833.0
"Golang Tutorial #8 - Chained Conditionals (AND, OR, NOT)",2020-05-25,6427,198,3,24,QvPa8C0y9yc,451.0
Golang Tutorial #7 - Conditions & Boolean Expressions,2020-05-24,7653,240,0,13,63au_xLLp0A,496.0
Golang Tutorial #6 - Arithmetic Operators & Math,2020-05-24,8765,282,4,21,qCtgLbFWPI4,546.0
Problem Solving Techniques - For Programming Problems & Interviews,2020-05-23,62061,2775,72,141,r4TgqWbKRtA,1060.0
Golang Tutorial #5 - Console Input (Bufio Scanner) & Type Conversion,2020-05-22,13680,401,8,45,1-bM3lSBDaA,647.0
Golang Tutorial #4 - Printing to Console & fmt,2020-05-21,13422,347,3,47,GQ880MlHBBE,844.0
Golang Tutorial #3 - Assignment Expression & Implicit vs Explicit,2020-05-20,15027,460,6,36,UVp7Cz1NMwA,505.0
Cherry MX Blue vs Brown - What are The Best Keyboard Switches?,2020-05-18,291871,4295,403,561,AywUPZIv6lU,695.0
Golang Tutorial #2 - Variables & Data Types,2020-05-16,25158,771,2,50,pM0-CMysa_M,887.0
Golang Tutorial #1 - An Introduction to Go Programming,2020-05-14,77852,1999,34,223,75lJDVT1h0s,968.0
The Best Sublime Text 3 Settings and Packages,2020-05-12,76878,1311,58,124,-6ikAMmu3Nc,659.0
Python Project - Coronavirus Web Scraper & Voice Assistant Tutorial,2020-05-10,68424,2172,29,221,gJY8D468Jv0,3759.0
The Complete Python Course For Beginners,2020-05-08,331026,15754,80,714,sxTmJE4k0ho,22873.0
Python Selenium Tutorial #6 - UnitTest Framework (Part 2),2020-05-06,25423,665,21,62,O_sIPPA4euw,1155.0
Python Selenium Tutorial #5 - UnitTest Framework (Part 1),2020-05-04,43190,825,11,58,9_5Wqgni_Xw,1130.0
Python Selenium Tutorial #4 - ActionChains & Automating Cookie Clicker!,2020-05-02,63653,1462,11,130,OISEEL5eBqg,825.0
Python Selenium Tutorial #3 - Page Navigating and Clicking Elements,2020-04-30,106817,2299,25,137,U6gbGk5WPws,498.0
Python Selenium Tutorial #2 - Locating Elements From HTML,2020-04-28,179236,4500,30,335,b5jt2bhSeXs,972.0
"Python Selenium Tutorial #1 - Web Scraping, Bots & Testing",2020-04-26,349442,10889,124,609,Xjv1sY630Uc,701.0
"Tech With Tim Q&A - How to Escape The ""Tutorial Hell""",2020-04-25,28484,1379,22,126,P1doPpgVLNs,1017.0
Top 5 Beginner Programmer Mistakes,2020-04-22,73381,3981,52,332,aRAgOMG7Sss,901.0
"2020 Channel Update - Podcast, Channel Memberships & Microsoft Internship!",2020-04-18,9481,742,10,102,6w3DSk94V2o,497.0
Pygame Tutorial - Creating Space Invaders,2020-04-15,250145,9376,77,675,Q-__8Xw9KTM,6963.0
"My Remote Programming/YouTube Setup - $25,000 Worth of Tech & Equipment",2020-04-11,20564,815,31,146,x-7bntZ2cJ8,601.0
20 Python Tips and Tricks - Why We Love Python,2020-04-09,36591,1876,23,134,sbtbIqEG4nI,1129.0
Python Socket Programming Tutorial,2020-04-05,306570,9665,120,696,3QiPPX-KeSc,2983.0
An Introduction to Software Design - With Python,2020-04-02,247053,7792,108,305,-njsRb8Tn70,2045.0
Python Object Oriented Programming (OOP) - For Beginners,2020-03-29,736379,25248,219,1218,JeznW_7DlB0,3186.0
Quarantine Coding - 5 Programming Project Ideas,2020-03-25,582453,18098,413,694,II7UCUbxOus,707.0
Starting a YouTube Channel in 2020,2020-03-21,9890,670,10,149,NtSX-UNLvlQ,567.0
Top 18 Most Useful Python Modules,2020-03-17,485418,16443,268,628,Vi9Y9AL13Rc,650.0
Threading Tutorial #2 - Implementing Threading in Python 3 (Examples),2020-03-15,37329,1165,12,107,cdPZ1pJACMI,822.0
"Threading Tutorial #1 - Concurrency, Threading and Parallelism Explained",2020-03-13,37144,1387,15,82,olYdb0DdGtM,694.0
BrainF*ck Programming Tutorial - Can You Code in BrainF*ck?,2020-03-11,25706,711,20,144,G-tuXeMyb58,1653.0
Expert Python Tutorial #6 - Context Managers,2020-03-09,23479,845,9,77,Lv1treHIckI,999.0
The 5 Best Python IDE's and Editors,2020-03-05,375990,7129,226,747,eXinDi55iOk,441.0
Expert Python Tutorial #5 - Generators,2020-03-02,29322,1063,15,78,2eiFCQ-YAf4,838.0
Expert Python Tutorial #4 - Decorators,2020-02-29,34081,1200,15,66,tfCz563ebsU,977.0
"How to PASS a Coding Interview - Tips, Advice & Resources",2020-02-24,37033,2138,46,136,ckW4cUqui_w,1258.0
Top Programming Languages to Learn in 2020,2020-02-20,105177,2926,73,371,yMhVCsXcItI,806.0
Expert Python Tutorial #3 - Metaclasses & How Classes Really Work,2020-02-16,45948,1638,17,98,NAQEj-c2CI8,1241.0
Expert Python Tutorial #2 - Dunder/Magic Methods & The Python Data Model,2020-02-14,47663,1699,18,92,z11P9sojHuM,887.0
Expert Python Tutorial #1 - Overview of Python & How it Works,2020-02-13,147201,3744,88,222,mclfteWlT2Q,1150.0
Coding Livestream - Creating an Online Chat App w/ Python (PART 2)!,2020-02-05,31187,1041,11,36,MgkldDDFJF4,5070.0
Coding Livestream - Creating an Online Chat App w/ Python!,2020-02-04,417373,10085,148,335,i824zN0DGIo,16180.0
My Thoughts on Linux - The Pros and Cons,2020-02-02,34961,1440,73,311,AigDGDA8NHk,716.0
HACKATHON Project - What We Built in 24 Hours...,2020-01-28,97235,2468,46,158,8gNTyr1DXc4,896.0
Ordering a Pizza with Python - Tutorial 5 - Ordering the Pizza,2020-01-23,12599,341,6,39,IuiG3MUzcIE,726.0
The Problems With a Computer Science Degree,2020-01-22,36605,1370,50,188,SDGUhxZorF4,666.0
Ordering a Pizza with Python - Tutorial 4 - Payment Information,2020-01-20,6190,148,1,18,1cCai6JC_dQ,641.0
Ordering a Pizza with Python - Tutorial 3 - Creating an Order,2020-01-19,8638,223,3,47,XdL2cESAYrs,788.0
Ordering a Pizza with Python - Tutorial 2 - Looking at the Menu,2020-01-18,8527,261,4,35,Cxk5NBOBT7o,512.0
Ordering a Pizza with Python - Tutorial 1 - Exploring the API,2020-01-17,38836,887,16,90,J_ud6KxX_s0,923.0
JavaScript for Beginners #16 - Mutability,2020-01-16,5505,223,1,23,DCJVYbu0MUQ,824.0
5 Tips for Computer Science Students,2020-01-12,63847,3428,51,299,l8QSG4rTnjg,807.0
JavaScript for Beginners #15 - Maps,2020-01-11,5472,219,3,9,QtLbuFUI1I4,709.0
JavaScript for Beginners #14 - Sets,2020-01-10,4352,210,1,14,iz2JoVLmXn0,720.0
The Python Walrus Operator - New in Python 3.8,2020-01-09,116831,2500,78,260,XLIHPU_jxUY,409.0
JavaScript for Beginners #13 - For Of /For Each Loops,2020-01-08,4435,190,2,8,uEKDSLwf2Gw,463.0
JavaScript for Beginners #12 - For Loops,2020-01-07,4243,152,2,22,0W_loZstWMg,615.0
JavaScript for Beginners #11 - While Loops,2020-01-06,4105,188,2,11,hEzkm9wuNbY,615.0
JavaScript for Beginners #10 - Arrays,2020-01-05,5724,241,0,22,wGf4-6WraDE,515.0
Standing Out as a Student Developer - Tips from an Ex-Facebook Engineer,2020-01-02,10193,614,12,48,0c8VLtIhQgs,1039.0
Good Programming Projects (With an Ex-Google Engineer),2019-12-26,85432,2743,42,100,pjJuqWWqEDI,1158.0
University House Tour - Living With 6 Guys,2019-12-21,17845,881,8,81,eE-Spyy90qA,282.0
JavaScript for Beginners #9 - String Methods and Manipulation,2019-12-15,6388,254,0,24,nnk-aHggi0Q,585.0
Python Resume Projects - You Can Finish in a Weekend,2019-12-14,951906,30309,473,530,jl5yUEdekEM,638.0
JavaScript for Beginners #8 - Switch Statements,2019-12-13,6844,272,2,9,xDY1TTM9sGs,625.0
"JavaScript for Beginners #7 - If, Else If, Else",2019-12-12,7743,313,1,12,rjLHje_SkE4,641.0
Python Coding Interview Practice - Difficulty: Medium,2019-12-11,16484,449,8,24,rcGQxs7STvk,1513.0
JavaScript for Beginners #6 - Introduction to Functions,2019-12-10,7297,360,2,17,JcKse_OhnfQ,724.0
JavaScript for Beginners #5 - Conditions and Booleans,2019-12-09,6521,307,0,22,M7oBYzBJeFY,920.0
JavaScript for Beginners #4 - Logical and Assignment Operators,2019-12-08,7826,303,4,19,Fk1ERg6xpAg,838.0
Software Engineering Final Project - Android App Development,2019-12-07,20557,514,12,119,j6GdOEKA580,600.0
JavaScript for Beginners #3 - Variables and Data Types,2019-12-06,10435,429,3,24,XWo3YUblZxk,775.0
"JavaScript for Beginners #2 -  Modifying HTML Elements (getElementByID, innerHTML etc. )",2019-12-05,26857,954,6,59,SrSBhuuuIsg,686.0
"JavaScript For Beginners #1 - Environment Setup and ""Hello World!""",2019-12-04,35434,1138,9,105,ykoxwrm0Seo,697.0
Python Coding Interview Practice - Difficulty: Hard,2019-12-01,50639,1342,36,98,TgCKJU3JvO4,1325.0
The Pros and Cons of Python,2019-11-28,17203,836,15,86,Ou_hSDxzjMI,763.0
Python Coding Interview Preparation - For Beginners,2019-11-27,18534,534,14,36,RNRmh9hMmtA,863.0
Python Machine Learning & AI Mega Course - Learn 4 Different Areas of ML & AI,2019-11-23,286742,15357,106,552,WFr2WgN9_xE,27253.0
How to Deploy a Flask App to a Linux Server,2019-11-21,56696,1134,28,130,YFBRVJPhDGY,1332.0
Tips for Young Programmers,2019-11-20,27618,1485,19,378,ew7kP57GzKA,512.0
Flask Tutorial #10 - Blueprints & Using Multiple Python Files,2019-11-19,43127,805,11,60,WteIH6J9v64,789.0
"Flask Tutorial #9 - Static Files (Custom CSS, Images & Javascript)",2019-11-18,54419,746,17,99,tXpFERibRaU,647.0
The Different Types of Machine Learning Explained,2019-11-15,9953,523,13,37,KyGFVrcuMZM,761.0
"Flask Tutorial #8 - Adding, Deleting & Updating Users w/ SQLAlchemy",2019-11-14,39327,550,14,83,1nxzOrLWiic,749.0
Flask Tutorial #7 - Using SQLAlchemy Database,2019-11-12,56924,762,10,90,uZnp21fu8TQ,857.0
Flask Tutorial #6 - Message Flashing,2019-11-10,48400,1049,18,81,qbnqNWXf_tU,567.0
A Proper Programming Setup (Computer Science Student Desk Setup),2019-11-08,246849,5990,414,402,AEbmDrf8m-k,677.0
Flask Tutorial #5 - Sessions,2019-11-05,77882,1621,21,106,iIhAfX4iek0,831.0
Flask Tutorial #4 - HTTP Methods (GET/POST) & Retrieving Form Data,2019-11-02,122857,2008,23,109,9MHYHgh4jYc,666.0
Why is Python so Slow?,2019-10-31,337351,10456,420,1086,x2IQP8iug3c,644.0
Flask Tutorial #3 - Adding Bootstrap and Template Inheritance,2019-10-30,99409,2156,18,97,4nzI4RKwb5I,731.0
Flask Tutorial #2 - HTML Templates,2019-10-28,140642,2989,46,203,xIgPMguqyws,823.0
Flask Tutorial #1 - How to Make Websites with Python,2019-10-27,378246,6919,117,377,mqhxxeeTbu0,636.0
Peakago Laptop Review - Is 7 Inches Enough?,2019-10-23,11570,273,11,64,6Wz5yVDDU3Q,428.0
How to Code Faster - 5 Tips to Increase Your Productivity,2019-10-21,78716,3025,94,196,mlfO0FBb6eY,815.0
12 Hour Coding Livestream - Creating an Online Game with Python,2019-10-18,2392847,50659,873,1387,wDIQ17T3sRk,42901.0
Coding Interview Question & Solution (Python) - Water Trapped Between Pipes,2019-10-16,6910,219,6,29,N3GH3ftUgNc,799.0
How to Host a MySQL Server on Linux,2019-10-11,16647,353,10,39,WltqUaqxBH8,1047.0
Python MySQL Tutorial - Foreign Keys & Relating Tables,2019-10-09,16819,440,7,25,f7oYCzKuv-w,1017.0
Python MySQL Tutorial - Selecting Data & Altering Tables,2019-10-07,15476,429,0,38,kUBGiABFFHc,688.0
"Python MySQL Tutorial - Creating Tables, Inserting & Selecting",2019-10-06,35604,859,8,68,91iNR0eG8kE,847.0
Python MySQL Tutorial - Setup & Basic Queries (w/ MySQL Connector),2019-10-04,71206,1405,27,117,3vsC05rxZ8c,790.0
__eq__ & is vs == | Python Quick Tips,2019-10-02,8346,448,1,44,4ethYataA2o,407.0
Help and Dir Functions - Python Quick Tips,2019-10-01,3473,206,1,20,jjh_P5wg-ww,173.0
Zip Function - Python Quick Tips,2019-09-30,5095,316,1,25,ALWe-tbrzQU,195.0
How to Get Started with Machine Learning & AI,2019-09-29,238504,11244,147,349,nl7kDPYD20A,632.0
Tuple Decomposition - Python Quick Tips,2019-09-28,3583,208,1,18,dLVTBImEEXA,92.0
List Comprehension - Python Quick Tips,2019-09-27,4734,358,2,40,zkMy1j-0yh4,183.0
Swap Variables Values in One Line - Python Quick Tips,2019-09-26,3844,281,2,26,PoVnDZw3dDY,68.0
Machine Learning Projects for Beginners (Datasets Included),2019-09-25,207061,6316,180,156,BOhgGA7Eu5E,418.0
How to Host a Minecraft Server on Ubuntu (For Free!),2019-09-24,25820,443,54,66,9H707dLSlfg,1118.0
f Strings - Python Quick Tips,2019-09-21,6028,406,3,31,0fq69_9iEqc,106.0
Python Voice Assistant Tutorial #9 - Waking the Assistant,2019-09-20,27758,597,12,140,8iD91RzuHSc,486.0
Python For Else Statement - Python Quick Tips,2019-09-18,4975,306,2,26,a2cKbsCpD-o,188.0
Python Enumerate Function - Python Quick Tips,2019-09-18,23401,654,10,26,-MZiQaNI0QA,171.0
Python Splat/Unpack Operator - Python Quick Tips,2019-09-17,6858,386,6,21,9LrtOJTnwJE,216.0
How to Convert Number to Binary In Python (bin() Function) - Python Quick Tips,2019-09-16,11381,320,3,23,MIqvaX_Q0c8,156.0
Python Voice Assistant Tutorial #8 - Opening Programs/Applications,2019-09-15,17603,350,3,68,H9ZJ1uT8RFw,570.0
How to Host a Python Socket Server Online (For Free),2019-09-14,32956,905,25,99,KQasIwElg3w,1272.0
BenQ Screen Bar Plus Review - AND E-READING LAMP GIVEAWAY!!,2019-09-13,2364,86,1,25,JrlVfhBXXDE,437.0
Python Voice Assistant Tutorial #7 - Speaking Events (With Pyttsx3),2019-09-12,19023,279,3,63,EyDkBP05eKc,672.0
Python Voice Assistant Tutorial #6 - Google Calendar Events on a Specific Day,2019-09-10,11893,195,3,74,rTbePMu_hVY,622.0
Python Voice Assistant Tutorial #5 - Date from Speech P2,2019-09-08,12959,243,1,46,TsFd1qh9D6c,635.0
Python Voice Assistant Tutorial #4 - Date from Speech,2019-09-06,18995,309,4,30,c3rNZ-GlQlw,645.0
Python Voice Assistant Tutorial #3 - Setting up Google Calendar API,2019-09-04,30882,601,6,135,l131g38hheM,629.0
Python Voice Assistant Tutorial #2 - Getting Microphone Input,2019-09-02,58655,1428,12,306,zqEoTxkh95M,410.0
Python Voice Assistant Tutorial #1 - Playing Sound with gTTS (Google Text to Speech),2019-08-31,107987,2318,22,399,-AzGZ_CHzJk,527.0
"Binary Search Tree Tutorial - Traversal, Creation and More",2019-08-29,5100,221,2,29,edfGASf_QxE,1950.0
5 Intermediate Python Projects,2019-08-24,300448,10560,167,387,o5sb8ehRSYA,469.0
Python Flappy Bird AI Tutorial (with NEAT) - Finishing Touches and Testing,2019-08-22,48629,2362,21,293,NPbHUyVDYDw,1030.0
Python Flappy Bird AI Tutorial (with NEAT) - Implementing NEAT/Creating Fitness Function,2019-08-20,39722,698,13,56,wQWWzBHUJWM,939.0
Python Flappy Bird AI Tutorial (with NEAT) - NEAT Configuration and Explanation,2019-08-18,49576,1114,10,47,MPFWsRjDmnU,1222.0
Python Flappy Bird AI Tutorial (with NEAT) - Finishing the Graphics,2019-08-16,38641,686,3,104,SYqQ5oddgcw,713.0
Python Flappy Bird AI Tutorial (with NEAT) - Pixel Perfect Collision w/ Pygame,2019-08-14,51143,840,7,70,1xkykD5Olok,1161.0
Python Flappy Bird AI Tutorial (with NEAT) - Moving Birds,2019-08-12,91694,1456,22,312,ps55secj7iU,1107.0
Python Flappy Bird AI Tutorial (with NEAT) - Creating the Bird,2019-08-10,1553729,17718,364,336,MMxFDaIOHsE,775.0
Doubly Linked List Tutorial - What is a Doubly Linked List?,2019-08-09,2698,82,3,14,3RzC2NrCO24,999.0
Circular Linked List Tutorial - Why Use a Circular List?,2019-08-07,7889,223,3,15,gztwNv4o_9E,679.0
Singly Linked Lists Tutorial - What is a Linked List?,2019-08-05,7016,185,4,24,HB7TcYklBHY,811.0
AI Teaches Itself to Play Flappy Bird - Using NEAT Python!,2019-08-03,95151,3770,25,187,OGHA-elMrxI,617.0
Array Data Structure Tutorial - Array Time Complexity,2019-08-01,9222,266,3,19,B2KusJcbVIg,392.0
Stack Data Structure Tutorial - What is a Stack?,2019-07-30,7123,253,0,19,EHff0DLktJs,549.0
Queue Data Structure Tutorial - What is a Queue?,2019-07-29,13159,324,8,36,1j2gWyY5CK4,415.0
BenQ E-Reading Lamp Review - The Most Expensive Lamp I've Ever Seen.,2019-07-27,5834,109,9,25,K-HouEVT7q4,444.0
PyQt5 Tutorial - Containers (GroupBoxes and Frames),2019-07-24,39613,759,13,106,_K_QIx1KGuA,384.0
5 Python Projects for Beginners,2019-07-23,572443,17580,419,435,1HHRWg--Ce4,331.0
PyQt5 Tutorial - ComboBoxes with Examples,2019-07-18,48249,871,9,69,crJVzc5Ct_s,705.0
Behind the Scenes of Tech With Tim,2019-07-17,4561,311,5,78,nHuHpVqtYOM,752.0
PyQt5 Tutorial - QMessageBox and Popup Windows,2019-07-16,60010,1363,6,68,GkgMTyiLtWk,553.0
I coded Agar.io with Python (Using Sockets/Networking and Pygame),2019-07-14,50386,1241,30,125,SR8xeaRXLcg,638.0
PyQt5 Tutorial - Images and QPixmap,2019-07-11,62501,1097,15,66,D0iCHFXHb_g,400.0
"PyQt5 Tutorial - MenuBar (Shortcuts, Status Bar and Triggers)",2019-07-08,103944,1358,15,96,HYV81L7qd6M,683.0
PyQt5 Tutorial - How to Use Qt Designer,2019-07-06,298553,3894,97,428,FVpho_UiDAY,653.0
PyQt5 Tutorial - Buttons and Events (Signals),2019-07-05,140956,2009,26,151,-2uyzAqefyE,598.0
PyQt5 Tutorial - Setup and a Basic GUI Application,2019-07-03,385782,5208,127,319,Vde5SH8e1OQ,630.0
How I Learned Programming,2019-06-30,91782,4883,55,391,8T0XIQBeZwo,674.0
15 Python Projects in Under 15 Minutes (Code Included),2019-06-27,1363798,39961,720,1008,OXi4T58PwdM,757.0
How to Fix PyCharm Import Error and Setup Your Interpreter,2019-06-25,265236,4198,255,536,RvbUqf3Tb1s,587.0
Python MongoDB Tutorial using PyMongo,2019-06-21,74195,1655,36,153,rE_bJl2GAY8,1284.0
How to Stream Video from Raspberry Pi Camera to Any PC - Using Python Sockets,2019-06-19,40147,633,24,66,bWwZF_zVf00,615.0
Python Face Recognition Tutorial w/ Code Download,2019-06-16,112185,3032,61,350,D5xqcGk6LEc,563.0
How to Take Photos and Videos with Raspberry Pi Camera Module,2019-06-13,9496,196,4,25,nx8gDSS1vO4,673.0
How to Use a PIR Motion Sensor with Raspberry Pi,2019-06-12,40073,652,17,62,Tw0mG4YtsZk,744.0
Raspberry Pi Tutorial (Model B+) - Using a Breadboard and LED’s,2019-06-08,21523,545,11,55,6Hau75Zkpj4,845.0
My Computer Science Projects/Assignments - First Year (Python & Java),2019-06-05,28413,590,10,77,E9jV1otS8fA,860.0
Python Chat Bot Tutorial - AI Chatbot with Deep Learning (BONUS),2019-06-03,54524,1076,11,169,jBXAi-Vm_-g,529.0
Python Chat Bot Tutorial - AI ChatBot with Deep Learning (Part 4),2019-05-31,60123,1081,8,257,ICL7VRKvS_A,993.0
Python Chat Bot Tutorial - Chatbot with Deep Learning (Part 3),2019-05-30,81577,1096,16,224,PzzHOvpqDYs,746.0
Python Chat Bot Tutorial - Chatbot with Deep Learning (Part 2),2019-05-29,94613,1196,26,92,ON5pGUJDNow,761.0
Python Chat Bot Tutorial - Chatbot with Deep Learning (Part 1),2019-05-28,528147,8858,184,964,wypVcNIH6D4,971.0
Coding Livestream - Come Play Online Chess with Python & Pygame,2019-05-23,28086,466,5,42,ejZqLsQDjuo,6979.0
How to Install TensorFlow GPU on Linux,2019-05-16,16494,186,12,27,zTGrt1oyul4,357.0
Tensorflow 2.0 Tutorial - Saving & Loading Models - Text Classification P4,2019-05-12,17789,410,6,88,Xmga_snTFBs,899.0
Programming Tips for Beginners,2019-05-11,44500,2641,15,186,sGjkCIm10C4,755.0
TensorFlow 2.0 Tutorial -  Training the Model - Text Classification P3,2019-05-10,14052,291,3,62,IpYmz3_BUM0,625.0
Tensorflow 2.0 Tutorial - What is an Embedding Layer? Text Classification P2,2019-05-09,22040,641,10,59,qpb_39IjZA0,870.0
Python Neural Networks - Tensorflow 2.0 Tutorial - Text Classification P1,2019-05-08,26784,526,10,49,k-_pWoy2fb4,1299.0
Python Neural Networks - Tensorflow 2.0 Tutorial -  Using the Model to Make Predictions,2019-05-06,24800,924,7,82,RqLD1INA_cQ,630.0
Python Neural Networks - Tensorflow 2.0 Tutorial - Creating a Model,2019-05-05,33762,952,10,101,cvNtZqphr6A,1061.0
Python Neural Networks - Tensorflow 2.0 Tutorial - Loading & Looking at Data,2019-05-04,35420,811,5,95,wu9IH1Xvdd4,803.0
Python Neural Networks - Tensorflow 2.0 Tutorial - What is a Neural Network?,2019-05-03,79721,2021,12,138,OS0Ddkle0o4,1622.0
12 Hour Coding Stream - Creating A Tower Defense Game with Python & Pygame,2019-05-02,675613,15644,250,664,iLHAKXQBOoA,42902.0
Django Tutorial - User Specific Pages/Access,2019-04-30,33337,465,24,82,SyhQDQ5Q6Js,854.0
"Django Tutorial - Login, Logout and User Authentication",2019-04-29,49831,737,26,30,z4lfVsb_7MA,824.0
Django Tutorial - User Registration & Sign Up Page,2019-04-26,53201,899,22,94,Ev5xgwndmfc,1518.0
Programming Problem #9 - Tower of Hanoi,2019-04-23,7091,260,3,37,ZFZ10MF_uVo,929.0
Django Tutorial - How to Add Bootstrap,2019-04-22,36644,501,16,12,0mCZdemSsbs,888.0
Django Tutorial - How to Add a Sidebar,2019-04-21,15383,289,5,9,914JH3t64Kg,595.0
Django Tutorial - Custom Forms,2019-04-20,24683,455,15,67,9jDEnSm4nt8,873.0
Django Tutorial - Simple Forms,2019-04-18,25901,539,8,34,vM9mcWr1RMg,1316.0
"University Room Tour + $12,000 PC Setup",2019-04-17,9956,478,9,81,u1rCAKyuK6Y,584.0
Programming Problem #8 - Tree Data Structure Traversal,2019-04-16,1624,60,0,12,zoQjMMa73WI,1370.0
Django Tutorial - Templates & Custom HTML,2019-04-15,34165,979,4,58,b0CgA_Ap_Mc,1672.0
Django Tutorial - Admin Dashboard,2019-04-14,25199,414,15,30,dTXyCGVmjL8,559.0
Django Tutorial - SQLite3 DataBase Tutorial,2019-04-13,62278,923,36,105,UxTwFMZ4r5k,1369.0
"Django Tutorial - Setup, Installation and Page Navigation",2019-04-11,95938,2237,16,165,Z4D3M-NSN58,1228.0
Git Tutorial for Beginners - GitHub Version Control,2019-04-10,19423,719,1,50,PWqS4NBhEY8,1478.0
Programming Problem #7 - Tandem Bicycle (Intermediate),2019-04-09,1328,40,0,11,rsiXfs0zCqQ,701.0
Python Sudoku Solver Tutorial p.3 - Building a GUI (with pygame),2019-04-06,34555,562,13,60,_Z9Mz2V-Mig,439.0
How I Learned to Program at 12 Years Old,2019-04-05,15055,829,17,159,V-5d87ESdWg,544.0
Python Sudoku Solver Tutorial with Backtracking p.2,2019-04-04,73973,1923,24,246,lK4N8E6uNr4,1063.0
Python Sudoku Solver Tutorial with Backtracking p.1,2019-04-03,135683,3231,27,224,eqUwSA0xI-s,1051.0
Programming Problem #6 - Maze Traversal (Advanced),2019-04-02,2475,47,1,11,6EM3hSJeTNU,1259.0
BigO Notation & Time Complexity Tutorial (Code Efficiency & Algorithm Analysis),2019-04-01,4141,173,3,35,goWkNKHXkMg,2742.0
Programming Problem #5 -  String Compression/Encryption (Intermediate),2019-03-25,1509,48,0,14,mWU7t6Wu9sM,833.0
Why You Should STOP Using an IDE (Integrated Development Environment),2019-03-22,463013,10464,4832,1797,XHPTq56U06Q,411.0
How to Send an Email with Python,2019-03-21,15399,422,10,82,YJagw7GfZcE,437.0
Programming Problem #4 - A Set of Beginner Coding Problems & Solutions,2019-03-19,2836,87,2,17,_EXBRQxM8O0,894.0
Python Multithreading Tutorial #3 - Synchronizing & Locking Threads,2019-03-18,10256,255,5,22,SDAkQq17S2Q,535.0
Python Multithreading Tutorial #2 - How to Create New Threads,2019-03-16,6319,173,2,18,CHS5cGrUWFs,639.0
Python Multithreading Tutorial #1 - What is a Thread?,2019-03-14,14130,497,5,29,GFfMuyNUnDs,718.0
Python Google Sheets API Tutorial - 2019,2019-03-12,110072,2825,37,276,cnPlKLEGR7E,780.0
Python Online Game Tutorial #9 - Online Rock Paper Scissors p.4,2019-03-11,14747,246,2,44,J2wEhFfRRco,894.0
Python Online Game Tutorial #8 - Online Rock Paper Scissors p.3,2019-03-10,5984,104,2,21,nfQIciZbrxE,1005.0
Python Online Game Tutorial #7 - Online Rock Paper Scissors p.2,2019-03-09,7559,137,2,13,VV31Z-H075M,1084.0
Python Online Game Tutorial #6 - Online Rock Paper Scissors p.1,2019-03-08,14660,253,3,46,Jr02fUyO5Qo,1113.0
How Hard is Computer Science - My Computer Science Degree (First Year),2019-03-07,64494,1949,36,242,AKetBTpL-Xk,800.0
Python Online Game Tutorial #5 - Sending Objects With Pickle!,2019-03-04,13387,268,0,49,UIlO7TbwrBE,747.0
Python Online Game Tutorial #4 - Connecting Multiple Clients,2019-03-03,21786,396,8,117,F257x_E6H4k,1168.0
Python Online Game Tutorial #3 - Sending & Receiving Information From Server,2019-03-02,20284,469,7,82,qbL4hPWcnFM,677.0
Python Online Game Tutorial #2 - Creating a Server,2019-03-01,27243,613,6,67,_whymdfq-R4,1055.0
Python Online Game Tutorial #1 - Creating a Client Using Sockets,2019-02-28,68469,1654,11,102,_fx7FQ3SP0U,1082.0
"10,000 Subsriber Q&A - How I Learned to Program??",2019-02-26,2446,200,2,78,53Fdn4Hh_J8,627.0
I tried coding for 24 hours straight - Creating Online Multiplayer Chess with Python,2019-02-25,43740,903,14,107,4twKNHypPN8,403.0
24 Hour Coding Livestream - Creating an Online Chess Game With Python,2019-02-22,126614,2494,45,158,HvjsMrR51lg,42901.0
Anaconda Tutorial 2019 - Python Virtual Environment Manager,2019-02-18,123238,1969,86,90,mIB7IZFCE_k,620.0
Python Path Finding Tutorial - Breadth First Search Algorithm,2019-02-16,54059,1031,26,54,hettiSrJjM4,1054.0
Python Kivy GUI Example & Source Code,2019-02-14,116013,1468,25,172,QQlOCWEhmrM,799.0
Kivy Tutorial #10 - Creating a Popup Window,2019-02-12,84261,1072,13,69,PpLuyOzCKTQ,441.0
Kivy Tutorial #9 - Navigation Between Multiple Screens,2019-02-11,76993,1345,14,108,xaYn4XdieCs,604.0
Kivy Tutorial #8 - Simple Drawing App (Using Canvas),2019-02-10,58147,897,11,39,8vD-V5jpjBo,481.0
Kivy Tutorial #7 - Touch Input/Mouse Input,2019-02-09,80355,1039,14,61,yg7n8hP6k1w,421.0
Kivy Tutorial #6 - FloatLayout for Dynamic Placement,2019-02-08,86462,1541,15,65,lnOTAq4NQfQ,745.0
Kivy Tutorial #5 - Object Properties and .kv Continued,2019-02-07,99856,2052,17,112,H8aWfu9aICc,562.0
Kivy Tutorial #4 - The kv Design Language (.kv file tutorial),2019-02-06,155967,2792,28,260,AS3b70pLYEU,688.0
Kivy Tutorial #3 - Creating Buttons and Triggering Events,2019-02-05,157009,3059,18,156,fGWHQA3LhJ8,616.0
"Kivy Tutorial #2 - Labels, Input and GUI Layouts",2019-02-04,220255,3354,39,258,QUHnJrFouv8,544.0
Kivy Tutorial #1 - How to Create Mobile Apps With Python,2019-02-03,865755,13063,282,1568,bMHK6NDVlCM,666.0
How to Host a Discord Bot on Heroku for Free - Discord.py Rewrite Tutorial #5,2019-02-01,122939,2821,76,652,BPvg9bndP1U,880.0
Discord.py Rewrite Tutorial #4 - How to Change Nicknames and Embedding Messages,2019-01-31,33689,450,12,49,RwAqp26s9aE,863.0
Discord.py Rewrite Tutorial #3 - Logging and Storing Information,2019-01-30,42363,622,18,54,eFxrnBxpRE4,700.0
Discord.py Rewrite Tutorial #2 - Sending Messages & Restricting Channels/Users,2019-01-29,98794,1104,43,112,XjfxYfKFXO8,949.0
Discord.py Rewrite Tutorial #1 - How to Create a Discord Bot With Python,2019-01-28,152213,2388,91,285,xdg39s4HSJQ,1356.0
Python Machine Learning Tutorial #12 - Implementing K-Means Clustering,2019-01-27,38542,958,15,65,zixd-si9Q-o,747.0
Python Machine Learning Tutorial #11 - How K Means Clustering Works,2019-01-26,28277,789,1,39,g1Zbuk1gAfk,827.0
Python Machine Learning Tutorial #10 - SVM P.3 - Implementing a SVM,2019-01-25,32501,1288,0,124,l2I8NycJMCY,598.0
Python Machine Learning Tutorial #9 - SVM P.2 - How Support Vector Machines Work,2019-01-24,31022,995,7,48,JHxyrMgOUWI,854.0
Python Machine Learning Tutorial #8 - Using Sklearn Datasets,2019-01-23,39773,1127,14,36,dNBvQ38MlT8,434.0
Python Machine Learning Tutorial #7 - KNN p.3 - Implementation,2019-01-22,44195,1292,6,140,TQKI0KE-JYY,663.0
Python Machine Learning Tutorial #6 - KNN p.2 - How does K Nearest Neighbors Work?,2019-01-21,43965,1232,8,78,vwLT6bZrHEE,819.0
Python Machine Learning Tutorial #5 - KNN p.1 - Irregular Data,2019-01-20,66906,1556,8,83,ddqQUz9mZaM,768.0
Python Machine Learning Tutorial #4 - Saving Models & Plotting Data,2019-01-19,86527,2026,13,177,3AQ_74xrch8,816.0
Python Machine Learning Tutorial #3 - Linear Regression p.2,2019-01-18,131490,3159,36,298,1BYu65vLKdA,1019.0
Python Machine Learning Tutorial #2 - Linear Regression p.1,2019-01-17,276236,4965,82,273,45ryDIPHdGg,888.0
Python Machine Learning Tutorial #1 - Introduction,2019-01-16,688777,13022,219,1011,ujTCoH21GlA,681.0
Java Tutorial for Beginners #22 - Enums,2019-01-15,2592,71,1,16,x81mj8ANlHY,656.0
Java Tutorial for Beginners #21 - Interfaces,2019-01-14,1623,42,0,2,CjwVL8mED4I,771.0
techwithtim.net MY NEW WEBSITE!,2019-01-14,538,40,0,18,5818gtPtPLM,493.0
Java Tutorial for Beginners #20 - Inner Classes,2019-01-13,1068,29,0,3,m90goRUpWV0,507.0
Java Tutorial for Beginners #19 - Overloading Methods & Object Comparisons,2019-01-12,1181,46,0,2,A17rkOzKfow,724.0
Java Tutorial for Beginners #18 - What Does STATIC Mean?,2019-01-11,3477,121,9,9,9jtRaEbqt-E,515.0
Java Tutorial for Beginners #17 - Inheritance,2019-01-10,1408,55,1,13,K7uvUtGPcYs,859.0
Java Tutorial for Beginners #16 - Creating Classes,2019-01-09,1923,62,1,4,tORoVluMDps,940.0
Java Tutorial for Beginners #15 - Introduction to Objects,2019-01-08,1781,79,0,3,LkhhyJM3RRI,805.0
Online Multiplayer Game With Python - Sockets and Networking,2019-01-08,42340,933,18,108,-3B1v-K1oXE,711.0
Java Tutorial For Beginners #14 - Maps Example,2019-01-07,1393,47,0,4,1b-R6TxZMEk,615.0
Java Tutorial for Beginners #13 - Maps & HashMaps,2019-01-06,2478,75,0,2,YFPVyj_aP64,699.0
Java Tutorial For Beginners #12 - Sets and Lists,2019-01-05,2457,67,0,7,LRHvRJw_Djk,912.0
Java Tutorial for Beginners #11 - While Loops,2019-01-04,1409,49,0,4,WiprCVc7lDY,434.0
Java Tutorial for Beginners #10 - For Loops (Continued),2019-01-03,1763,48,0,3,v6mkj9H629Q,588.0
Java Tutorial for Beginners #9 - For Loops,2019-01-02,2002,83,0,10,1BAZsQBteDs,594.0
Java Tutorial for Beginners #8 - Arrays,2019-01-01,2498,91,0,2,_Wf2rbL9wQU,533.0
Java Tutorial for Beginners #7 - Nested Statements,2018-12-31,2160,76,1,11,CFvTlTcZBTY,464.0
Java Tutorial for Beginners #6 - If/Else/Else If,2018-12-30,2483,95,2,10,ojYxKBoZ44c,632.0
Java Tutorial for Beginners #5 - Conditions and Booleans,2018-12-29,2898,101,1,6,jcHk4ilAbPY,698.0
Java Tutorial for Beginners #4 - Input and Scanners,2018-12-28,5190,133,0,5,ZtcX0OXXRWk,572.0
Java Tutorial for Beginners #3 - Basic Operators,2018-12-27,4128,138,1,9,ofKz3XGv6ZQ,735.0
Java Tutorial for Beginners #2 - Variables & Data Types,2018-12-26,6533,206,2,8,RPoquiZydYc,737.0
Choose Your Own Adventure Game in Python (Beginners),2018-12-25,114685,3289,73,249,DEcFCn2ubSg,704.0
Java Tutorial for Beginners #1 - Introduction,2018-12-23,19778,488,2,39,P8FmdbRxX34,440.0
Who is Tech With Tim?,2018-12-22,4971,244,2,28,B8dOAW3tO_8,533.0
How to Install TensorFlow GPU on Windows - FULL TUTORIAL,2018-12-21,139008,1879,59,375,KZFn0dvPZUQ,1006.0
Python Keylogger Tutorial - Windows,2018-12-19,8252,244,4,53,cdfuuyXzuyc,686.0
Facial Detection & Recognition With Python and CV2,2018-12-17,2705,87,2,16,ZfG6yyLvTRE,134.0
Classes & Objects Python Tutorial #6 - Private and Public Classes,2018-12-15,20093,979,4,32,xY__sjI5yVU,356.0
Python OOP Tutorial (Object Orientated Programming ) - Static Methods and Class Methods,2018-12-13,25182,793,5,43,MpuOuZKWUWw,592.0
Python OOP Tutorial (Object Orientated Programming ) - Overriding Methods,2018-12-11,33837,859,11,105,39m3rstTN8w,775.0
Python OOP Tutorial (Object Orientated Programming ) - Inheritance,2018-12-09,48776,1475,6,104,H2SQrZK2nvM,766.0
Python OOP Tutorial (Object Orientated Programming ) #2 - Creating Classes,2018-12-07,39549,1476,11,84,jQiUOV15IRI,704.0
Computer Science Exam Review (Introduction Courses ITI1120 etc.),2018-12-06,1520,47,0,14,6fl3qCJhk8o,3376.0
Python OOP Tutorial (Object Orientated Programming ) - Intro,2018-12-05,75781,2009,10,74,v_Jp11xqCzg,595.0
Python Turtle Graphics Tutorial #4 - Drawing With Mouse,2018-12-04,32929,466,9,54,HRKQlEfEMCA,408.0
Python Turtle Graphics Tutorial #3 - Key Presses & Events,2018-12-03,49411,842,9,104,hPnZqWSRNZI,607.0
My First Machine Learning Project (Tensorflow Deep-Learning),2018-12-01,77557,1383,24,79,jNW97izstLg,347.0
Pygame Tutorial - Tetris (Part 4),2018-11-29,10970,190,3,37,VgBnkkPlEVI,1360.0
5000 Subscribers - Thank You,2018-11-29,280,21,0,19,e4azJxICkR4,174.0
How to Convert any Python File to .EXE,2018-11-28,910649,26776,461,1657,UZX5kH72Yx4,504.0
Pygame Tutorial - Tetris (Part 3),2018-11-27,8022,154,2,37,HcGQB1nHOOM,1520.0
Pygame Tutorial - Tetris (Part 2),2018-11-25,13414,201,8,29,W8xCUu_zlQs,1636.0
Pygame Tutorial - Creating Tetris,2018-11-23,74361,1053,31,110,uoR4ilCWwKA,1720.0
Dictionaries Tutorial in Python,2018-11-21,1656,69,0,7,1E3UlFvPMIU,666.0
Python Sets Tutorial #2 - Methods,2018-11-19,1421,53,1,7,xd035BdDQLg,410.0
Channel Update - Big News & Announcements,2018-11-18,491,24,2,15,_aDhWBk1ssI,344.0
Python Sets Tutorial #1 & Time Complexity (BIG O),2018-11-17,3784,99,1,8,rfvc66Qog4o,866.0
Pycharm Tutorial #2 - Debugging,2018-11-15,173358,2734,57,85,sRGpvbhOhQs,707.0
Pycharm Tutorial #1 - Setup & Basics,2018-11-13,781674,10817,698,409,56bPIGf4us0,742.0
Why Pycharm is the Best Python Editor/IDE!!!,2018-11-11,155526,2025,98,187,Jt0fNgJr400,499.0
Random Number Guessing Game - Python (Beginners),2018-11-08,30904,504,19,60,J9RQcF7hhgA,649.0
Mutable vs Immutable - Python,2018-11-06,3450,122,2,19,2pCxRTu5SHc,1281.0
Numpy Arrays Python Tutorial #3 - Array Math,2018-11-03,2460,94,3,7,huJhs_5ifzs,457.0
Numpy Tutorial Python - Array Creation,2018-11-01,2905,84,1,6,Qgh1vjmaj44,419.0
Numpy Tutorial - Introduction to  Arrays in Python,2018-10-30,8096,177,1,9,biLz7KPgHJA,676.0
Snake Pygame Tutorial #4,2018-10-25,11811,234,10,62,gXhvxf-1FBM,686.0
Snake Pygame Tutorial #3,2018-10-23,9155,145,10,23,_Uq4RXtMRiU,609.0
Snake Pygame Tutorial #2,2018-10-21,15463,223,20,31,3RGeoVQfm7g,962.0
Snake Pygame Tutorial #1,2018-10-19,68456,868,38,111,5tvER0MT14s,859.0
Intermediate Python Tutorial #8 - Collections/Deque(deck),2018-10-17,12686,489,6,24,m3JgSV1Obn8,595.0
Intermediate Python Tutorial #7 - Collections/namedtuple(),2018-10-15,11405,314,3,17,GKgpvriuQY8,490.0
Intermediate Python Tutorial #6 - Collections /Counter(),2018-10-13,19035,588,4,21,cgDRugJzBfM,735.0
Cool & Useful Python Tips and Tricks,2018-10-12,2586,81,3,14,9XQOd8ODNbs,744.0
Intermediate Python Tutorial #5 - Lambda Functions,2018-10-11,18431,790,5,25,BcbVe1r2CYc,429.0
Intermediate Python Tutorial #4 - Filter() Function,2018-10-09,13562,537,1,19,09XRMXcCofM,424.0
Intermediate Python Tutorial #3 - Map() Function,2018-10-07,17729,737,4,26,H1FD2IObWhg,360.0
Intermediate Python Tutorial #2 - Static and Class Methods,2018-10-05,22257,733,8,52,pUGyU-hxw5E,556.0
Intermediate Python Tutorial #1 - Optional Parameters,2018-10-03,61275,1090,14,33,0VdzZQdaZ28,585.0
Python Tips and Tricks,2018-10-02,1531,61,2,10,QCqrwlQ4EAQ,869.0
Tic Tac Toe with AI - Python Tutorial (Part 2),2018-08-09,38717,746,31,101,jAaJZLqryTI,1050.0
Tic Tac Toe with AI - Python Tutorial (Part 1),2018-08-06,101518,1365,38,66,5s_lGC2sxwQ,1207.0
Python Turtle Graphics Tutorial #2 - Shapes and Fills,2018-07-25,50231,748,20,42,KmziL1djFkQ,621.0
Python Turtle Graphics Tutorial #1 - Introduction,2018-07-23,162516,1893,32,163,p7CiFhiTdvY,518.0
How to Make A Simple Game in Python (For Beginners),2018-06-14,239810,4499,183,546,BDi3SD7E6no,947.0
Programming Problem #3 - Geneva Confection (Intermidiate),2018-05-10,1726,45,0,7,TWpIHI3Go_U,1000.0
Programming Problem #2 - Magic Squares (Novice/Intermediate),2018-05-03,7311,96,2,18,-qs7QocYUbQ,907.0
Programming Problem #1 - Alphabet Soup (Beginner/Novice),2018-04-26,6543,125,3,24,nfOCvysoTjA,888.0
How to Run MAC OSX on a WINDOWS PC (Clover Boot-loader),2018-04-19,48546,293,182,24,EWKoWsAR1U4,442.0
Is Ethereum Mining Still Profitable - Is It Worth It (April 2018),2018-04-05,1688,13,4,4,0CEWNwXqKS4,421.0
How to Create A Message Box in Python - Tkinter,2018-03-30,24322,274,4,53,4McKSuuUQ-0,402.0
Pygame Side-Scroller Tutorial #4 - Scoring and End Screen,2018-03-24,12824,238,1,25,Gvey20p3N5M,1364.0
Pygame Side-Scroller Tutorial #3 - Collision,2018-03-22,7303,167,0,13,qTw0lYqTQSU,813.0
Pygame Side-Scroller Tutorial #2 - Random Object Generation,2018-03-20,14754,258,4,19,fHlJNjRRXWY,1161.0
Pygame Side-Scroller Tutorial #1 - Scrolling Background/Character Movement,2018-03-18,58059,871,7,91,PjgLeP0G5Yw,987.0
How to Create a Button in Pygame [CODE IN DESCRIPTION],2018-03-14,43677,842,16,71,4_9twnEduFA,382.0
How to Fade Your Screen in Pygame [CODE IN DESCRIPTION],2018-03-13,7019,140,1,26,H2r2N7D56Uw,320.0
Pygame Tutorial #10 - Finishing Touches & Next Steps,2018-03-11,84039,2019,10,227,PyblLBlpf0s,472.0
"Pygame Tutorial #9 - Sound Effects, Music & More Collision",2018-03-08,68804,1165,13,168,2BikxsbkuIU,857.0
How to Install Pygame on Mac OSX (Fast-Simple),2018-03-07,61433,731,35,384,E-WhAS6qzsU,216.0
Cloud Mining vs. Hardware Mining - 2018,2018-03-05,1272,24,2,2,OWEoIz5Kqfc,748.0
Pygame Tutorial #8 - Scoring and Health Bars,2018-03-02,60871,1559,13,90,JLUqOmE9veI,887.0
"How to Cool Down Your GPU While Mining - Eth, Zcash...",2018-02-24,4816,46,8,5,n8Cp9XGzpow,549.0
Pygame Tutorial #7 - Collision and Hit Boxes,2018-02-23,107740,1942,24,120,1aGuhUFwvXA,971.0
Pygame Tutorial #6 - Enemies,2018-02-21,89046,2090,16,158,vc1pJ8XdZa0,878.0
Pygame Tutorial - Projectile Motion (Part 2),2018-02-20,6758,156,2,15,Y4xlUNfrvow,807.0
Pygame Tutorial - Projectile Motion (Part 1),2018-02-20,15659,210,5,11,_gDOz7E6HVM,920.0
Why Your GPU is Slow at Mining Ethereum,2018-02-19,2417,19,7,16,9dZJLWpGc7M,274.0
Pygame Game - Mini Golf,2018-02-18,15886,330,4,47,RJJugb2uJPs,321.0
Pygame Tutorial #5 - Projectiles,2018-02-16,119031,2663,25,294,PVY46hUp2EM,1035.0
Binary Search Algorithm - Python Example & Code,2018-02-13,6049,88,3,8,PKGSjLcz4G4,444.0
Make Any Mic Sound AMAZING! (WITH OBS),2018-02-12,20678,485,15,55,Olm-3FhJuGE,826.0
Linear Search Algorithm - Python Example and Code,2018-02-10,3153,73,0,7,I-CIYnyAFzQ,324.0
OBS Studio Tutorial - Best OBS Settings,2018-02-10,871,36,1,4,9gG7f0HSjic,801.0
Pygame Tutorial #4 - Optimization & OOP,2018-02-08,142126,3090,20,279,xfnRywBv5VM,630.0
Pygame Tutorial #3 - Character Animation & Sprites,2018-02-06,284780,5733,79,867,UdsNBIzsmlI,949.0
Pygame Tutorial #2 - Jumping and Boundaries,2018-02-03,266953,5758,76,814,2-DNswzCkqk,888.0
Microphone Comparison - $10 Mic vs $150 Mic (Blue Yeti USB),2018-01-30,2180,22,8,6,vpCRQjPX4YY,306.0
How to Use Ethermine - Ethereum Mining Pool,2018-01-21,72433,495,63,69,rN6OPfbGgcA,404.0
How to Mine Ethereum 2018 - WORKING (Super-Easy),2018-01-11,23168,153,16,46,V5u_uVmaA1A,296.0
Mining ETHEREUM With a Gaming PC - How Much MONEY $$$?,2017-11-26,6902,77,3,19,2jLNjOvHMto,385.0
Common Ethereum Mining Issues and FIXES,2017-11-17,64113,302,61,119,iCbJcis7Ic0,418.0
"How to Trade Your Cryptocurrency (Bitcoin, Ethereum etc.) For Cash!",2017-11-15,1459,26,0,2,wgB0--Q6klA,446.0
How to Install Pygame (Windows 8/10),2017-11-07,267391,3996,174,665,AdUZArA-kZw,420.0
Pygame Tutorial #1 - Basic Movement and Key Presses,2017-11-07,803537,15607,200,1270,i6xMBig-pP4,752.0
How to Cool Down Your GPU Using Only Software! (Super-Easy),2017-10-29,365118,4064,258,744,O98z3oiRc_k,311.0
Ethereum Mining Rig - Hardware Guide,2017-10-25,1370,17,1,0,QR1NHEr5N0g,469.0
Recursion and Memoization Tutorial Python,2017-10-08,4042,100,3,8,sCecRPSQg6Y,574.0
Best GPU'S For Mining Ethereum (2018),2017-10-06,24998,96,24,23,IFmxwwqc8BM,443.0
How to Overclock an AMD GPU,2017-09-30,162369,1508,72,253,r23q4EWU7U0,385.0
How to Mine Ethereum - For Beginners [EASY],2017-09-28,259702,2013,109,438,IMG98V6DPoU,645.0
How to Encrypt and Hide Your Files - Windows 10/8,2017-09-26,1293,19,2,1,xUP134NXEyE,254.0
What is NEO? How to Create and Use a NEO Wallet,2017-09-14,8281,43,10,1,i5_FhWloAa8,384.0
Cool VBS Script to Prank Your Friends!,2017-07-05,13756,232,7,62,igA_m-DEVco,515.0
Python Programming Tutorial #20 - Classes and Objects,2017-07-03,20149,635,25,54,ucSuTR5qat8,675.0
How to Use a Disposable Email Service (Prevent Spam),2017-07-01,16918,100,22,10,iScueNcu3QM,310.0
Python Programming Tutorial #19 - Global vs Local Variables,2017-06-29,13391,507,7,10,Fc0XRcRmBP4,516.0
Python Programming Tutorial #18 - Try and Except (Python Error Handling),2017-06-28,12396,473,3,12,MImAiZIzzd4,288.0
Python Programming Tutorial #17 - Optional Parameters,2017-06-27,16398,466,5,16,pjIxDyLCOfQ,350.0
Python Programming Tutorial #16 - Introduction to Modular Programming,2017-06-24,19842,556,5,20,PBUtAdR1n6g,471.0
Python Programming Tutorial #15 - Using .count() and .find(),2017-06-23,18538,446,5,15,W4JwgcqpDBE,414.0
Python Programming Tutorial #14 - Writing to a Text File,2017-06-22,13717,471,1,22,W0fPZQBFpVE,254.0
Python Programming Tutorial #13 - How to Read a Text File,2017-06-21,32821,715,4,49,0EgSo7hsRWM,498.0
Python Programming Tutorial #12 - Functions,2017-06-20,16538,485,2,18,1OuRhD7FmTA,504.0
Python Programming Tutorial #11 - Slice Operator,2017-06-19,16619,500,2,29,L0j7JkFmYDI,418.0
How to Overclock a NVIDIA GPU,2017-06-19,186644,1254,99,254,eDInXTA-jTg,404.0
Python Programming Tutorial #10 - String Methods,2017-06-18,16265,507,2,13,ERww7FiLrqk,381.0
Python Programming Tutorial #9 - Iteration by Item (For Loops Continued...),2017-06-17,17329,537,2,16,jmx1OZNMLr0,360.0
Python Programming Tutorial #8 - List's and Tuples,2017-06-16,18774,555,3,13,1uCH3zqbv2s,493.0
Python Programming Tutorial #7 - While Loops,2017-06-15,17266,580,2,18,U_nugSKtbSk,378.0
Python Programming Tutorial #6 - For Loops,2017-06-14,19871,623,4,28,vKeoXxVaga4,355.0
Python Programming Tutorial #5 - Chained Conditionals and Nested Statements,2017-06-13,25416,718,5,27,IRiJdLN-Ers,451.0
Python Programming Tutorial #4 - IF/ELIF/ELSE,2017-06-12,23356,693,4,46,vA4r_MPRNsg,776.0
Python Programming Tutorial #3 - Conditions,2017-06-11,25336,773,4,21,2EngAQX_kCg,518.0
Python Programming Tutorial #2 - Basic Operators and Input,2017-06-10,35749,907,5,45,QQrcd_62VWM,708.0
Python Programming Tutorial #1 - Variables and Data Types,2017-06-10,107799,1968,15,77,OFrLs22MDAw,668.0
A* Path Finding Algorithm(Visualization),2017-06-09,13166,174,12,25,x5ibe6pnuSg,99.0
